{
  "episode_rewards": [
    -755.8000000000001,
    -854.6,
    -897.3000000000004,
    -872.9,
    -925.9999999999999,
    -770.2000000000004,
    -918.1000000000001,
    -750.8,
    -946.9000000000001,
    -969.7,
    -779.9000000000004,
    -896.3000000000002,
    -847.0999999999999,
    -803.3000000000002,
    -946.9000000000001,
    -752.6000000000001,
    -797.3000000000002,
    -862.0000000000005,
    -707.2,
    -869.0000000000002,
    -778.0,
    -839.4000000000003,
    -699.7000000000002,
    -784.4000000000002,
    -699.2,
    -867.6,
    -896.0000000000002,
    -764.4000000000001,
    -858.7000000000003,
    -825.4000000000002,
    -728.4000000000001,
    -879.6000000000001,
    -814.8,
    -720.9000000000001,
    -780.5000000000002,
    -842.2000000000002,
    -719.1,
    -665.3,
    -838.6000000000003,
    -749.3000000000001,
    -626.5999999999999,
    -674.6000000000001,
    -759.1000000000001,
    -735.4999999999999,
    -798.8000000000003,
    -794.2000000000003,
    -615.6000000000001,
    -703.5999999999999,
    -658.1999999999999,
    -641.9000000000002,
    -612.5000000000001,
    -543.1999999999999,
    -753.5000000000002,
    -770.5,
    -884.7,
    -820.3000000000002,
    -586.8000000000002,
    -645.4,
    -723.0000000000001,
    -702.8000000000001
  ],
  "episode_avg_waits": [
    5.04,
    4.88,
    6.065,
    4.895,
    8.9,
    4.71,
    10.055,
    4.24,
    5.595,
    4.235,
    8.595,
    6.965,
    5.555,
    3.915,
    6.995,
    6.28,
    5.965,
    7.25,
    4.51,
    8.0,
    4.6,
    7.17,
    6.085,
    6.97,
    5.71,
    5.08,
    4.55,
    5.42,
    9.635,
    7.07,
    8.97,
    6.68,
    8.89,
    5.695,
    5.225,
    7.36,
    5.155,
    5.965,
    7.08,
    4.665,
    5.48,
    5.53,
    4.155,
    7.025,
    9.54,
    5.01,
    5.03,
    7.28,
    7.66,
    6.445,
    9.175,
    3.86,
    8.275,
    7.675,
    6.935,
    6.215,
    6.54,
    5.97,
    6.85,
    7.84
  ],
  "episode_throughputs": [
    71.0,
    69.0,
    70.0,
    70.0,
    69.0,
    70.0,
    70.0,
    70.0,
    71.0,
    71.0,
    69.0,
    69.0,
    70.0,
    71.0,
    69.0,
    69.0,
    69.0,
    69.0,
    69.0,
    68.0,
    70.0,
    70.0,
    68.0,
    72.0,
    71.0,
    70.0,
    71.0,
    70.0,
    71.0,
    73.0,
    68.0,
    70.0,
    69.0,
    69.0,
    70.0,
    72.0,
    70.0,
    70.0,
    69.0,
    70.0,
    69.0,
    73.0,
    70.0,
    72.0,
    69.0,
    71.0,
    71.0,
    68.0,
    72.0,
    72.0,
    68.0,
    70.0,
    69.0,
    69.0,
    70.0,
    70.0,
    70.0,
    70.0,
    70.0,
    70.0
  ],
  "episode_losses": [
    0.0,
    13.220369045734406,
    7.2519096958637235,
    7.18610643863678,
    6.9605087703466415,
    6.70550568819046,
    6.615553189516067,
    6.854721271395683,
    6.765583076477051,
    7.413777775764466,
    7.562368149757385,
    8.182594031095505,
    9.262179046869278,
    9.660408908128739,
    10.368393425941468,
    10.850878970623016,
    11.704514096975327,
    12.694546701908111,
    13.094630370140075,
    13.588730025291444,
    14.239835922718049,
    13.988330824375153,
    14.690278866291045,
    15.653361942768097,
    15.160400762557984,
    16.43079236268997,
    16.619349865913392,
    16.620793533325195,
    16.62804842710495,
    17.417103760242462,
    17.245146548748018,
    17.276265542507172,
    18.003200116157533,
    18.958369138240815,
    18.915922071933746,
    18.35887348651886,
    19.397782413959504,
    18.809869518280028,
    20.271284294128417,
    20.715590987205506,
    19.965180554389953,
    18.98631458044052,
    20.044801669120787,
    19.273149700164794,
    18.582114946842193,
    17.122357721328736,
    17.729663259983063,
    16.837451453208924,
    17.261320328712465,
    16.972434799671174,
    16.100666177272796,
    17.35373573422432,
    16.893303763866424,
    15.705761756896973,
    15.395847275257111,
    15.335967452526093,
    15.876478617191315,
    14.967796697616578,
    13.884712138175964,
    13.47308028459549
  ]
}