{
  "trained_policy": {
    "mean_reward": -102.1,
    "mean_throughput": 69.0,
    "mean_wait": 9.055,
    "rewards": [
      -102.1,
      -102.1,
      -102.1,
      -102.1,
      -102.1
    ],
    "throughputs": [
      69.0,
      69.0,
      69.0,
      69.0,
      69.0
    ],
    "waits": [
      9.055,
      9.055,
      9.055,
      9.055,
      9.055
    ]
  },
  "random_policy": {
    "mean_reward": -943.8000000000002,
    "mean_throughput": 70.2,
    "mean_wait": 6.09,
    "rewards": [
      -881.8000000000001,
      -993.2000000000003,
      -969.9000000000001,
      -971.5000000000002,
      -902.6000000000004
    ],
    "throughputs": [
      71.0,
      70.0,
      70.0,
      71.0,
      69.0
    ],
    "waits": [
      4.34,
      7.36,
      4.695,
      6.325,
      7.73
    ]
  },
  "improvement_reward": 841.7000000000002,
  "improvement_throughput": -1.2000000000000028,
  "improvement_wait": -2.965
}