{
  "trained_policy": {
    "mean_reward": -503.5,
    "mean_throughput": 70.2,
    "mean_wait": 19.285000000000004,
    "rewards": [
      -628.8999999999999,
      -542.9,
      -396.20000000000016,
      -356.59999999999997,
      -592.9000000000001
    ],
    "throughputs": [
      70.0,
      67.0,
      72.0,
      69.0,
      73.0
    ],
    "waits": [
      24.445,
      20.445,
      14.46,
      11.33,
      25.745
    ]
  },
  "random_policy": {
    "mean_reward": -852.4000000000002,
    "mean_throughput": 70.4,
    "mean_wait": 5.55,
    "rewards": [
      -871.5,
      -917.3000000000003,
      -815.6,
      -847.0000000000002,
      -810.6000000000004
    ],
    "throughputs": [
      72.0,
      70.0,
      71.0,
      69.0,
      70.0
    ],
    "waits": [
      4.925,
      6.565,
      4.53,
      7.0,
      4.73
    ]
  },
  "improvement_reward": 348.9000000000002,
  "improvement_throughput": -0.20000000000000284,
  "improvement_wait": -13.735000000000003
}