{
  "episode_rewards": [
    -741.5999999999999,
    -759.8000000000001,
    -796.8000000000002,
    -741.0999999999999,
    -733.6000000000003,
    -665.6000000000003,
    -460.60000000000014,
    -550.8000000000001,
    -626.9000000000001,
    -542.5,
    -611.6000000000001,
    -478.6000000000001,
    -340.79999999999995,
    -342.1,
    -398.79999999999995,
    -1006.3,
    -410.1000000000002,
    -344.1,
    -499.70000000000005,
    -682.8000000000001,
    -237.39999999999995,
    -395.6000000000002,
    -461.30000000000007,
    -1455.7999999999997,
    -1330.8000000000002,
    -978.1,
    -1217.6000000000004,
    -694.9,
    -449.3000000000001,
    -473.19999999999993,
    -1233.9999999999995,
    -778.6000000000005,
    -1553.1,
    -936.4000000000001,
    -1119.5000000000005,
    -2438.199999999999,
    -1338.8999999999983,
    -546.6,
    -757.3000000000002,
    -474.50000000000017,
    -334.4,
    -375.5999999999999,
    -1608.5999999999995,
    -642.9,
    -570.3000000000004,
    -613.9000000000001,
    -731.9000000000001,
    -673.4999999999999,
    -706.8000000000002,
    -600.1,
    -610.9000000000001,
    -403.20000000000005,
    -480.8999999999999,
    -423.79999999999984,
    -651.3000000000001,
    -760.3000000000002,
    -557.6000000000001,
    -738.2,
    -760.1000000000001,
    -993.9999999999997
  ],
  "episode_avg_waits": [
    6.23,
    7.64,
    8.49,
    6.255,
    6.88,
    7.48,
    4.28,
    6.84,
    10.895,
    7.925,
    12.23,
    8.23,
    7.64,
    9.205,
    12.49,
    44.315,
    15.005,
    11.255,
    20.935,
    33.19,
    11.37,
    19.33,
    22.865,
    74.44,
    66.64,
    49.455,
    59.48,
    35.795,
    24.765,
    26.11,
    62.9,
    36.73,
    78.905,
    45.82,
    56.075,
    124.11,
    69.695,
    26.83,
    37.665,
    23.575,
    16.97,
    19.68,
    79.43,
    31.895,
    26.315,
    28.495,
    37.995,
    31.725,
    36.74,
    27.755,
    28.945,
    15.61,
    12.545,
    15.39,
    27.965,
    39.215,
    27.78,
    38.56,
    37.605,
    48.9
  ],
  "episode_throughputs": [
    69.0,
    69.0,
    70.0,
    70.0,
    71.0,
    71.0,
    71.0,
    73.0,
    69.0,
    73.0,
    71.0,
    73.0,
    70.0,
    69.0,
    70.0,
    71.0,
    70.0,
    69.0,
    70.0,
    72.0,
    72.0,
    71.0,
    67.0,
    67.0,
    65.0,
    66.0,
    67.0,
    72.0,
    69.0,
    70.0,
    69.0,
    69.0,
    61.0,
    72.0,
    67.0,
    71.0,
    69.0,
    71.0,
    69.0,
    69.0,
    66.0,
    69.0,
    64.0,
    68.0,
    68.0,
    68.0,
    71.0,
    72.0,
    71.0,
    67.0,
    69.0,
    69.0,
    69.0,
    74.0,
    69.0,
    67.0,
    69.0,
    67.0,
    73.0,
    68.0
  ],
  "episode_losses": [
    1744.2586059570312,
    1945.8685607910156,
    2022.3107299804688,
    1767.3295593261719,
    1853.7116394042969,
    1387.3179931640625,
    698.1086730957031,
    1093.8275756835938,
    1336.6914367675781,
    1130.9261474609375,
    1212.0621643066406,
    773.1954345703125,
    426.60140228271484,
    446.29764556884766,
    589.1555938720703,
    4516.6353759765625,
    598.9192047119141,
    482.6971969604492,
    1141.0890808105469,
    2517.8123779296875,
    232.43106842041016,
    982.5420227050781,
    1084.3468933105469,
    12157.945556640625,
    8809.543212890625,
    3697.1110229492188,
    5569.396728515625,
    3937.6309814453125,
    935.6288299560547,
    1370.8280029296875,
    7837.84814453125,
    2747.9501953125,
    12382.47900390625,
    5063.687255859375,
    6517.35400390625,
    37605.931640625,
    10979.204833984375,
    1577.8222961425781,
    2670.05712890625,
    840.5097961425781,
    439.3655014038086,
    500.6276092529297,
    13815.560302734375,
    1894.6838073730469,
    1642.443359375,
    1527.5641784667969,
    2963.4178466796875,
    2097.08154296875,
    3629.0360107421875,
    1210.5137329101562,
    1984.3733520507812,
    531.7798919677734,
    710.9397125244141,
    824.6007690429688,
    1906.2035827636719,
    3260.443359375,
    1809.0531005859375,
    2006.9940490722656,
    4113.3028564453125,
    3863.3960571289062
  ]
}